{"cameraMode":{"drawMode":0,"name":"Shaded","section":"Shading Mode"},"sceneLighting":false,"audioPlay":false,"sceneViewState":{"showFog":true,"showMaterialUpdate":false,"showSkybox":false,"showFlares":true,"showImageEffects":true,"showParticleSystems":true},"in2DMode":false,"pivot":{"x":-45.62734603881836,"y":-18.795198440551759,"z":41.61811065673828},"rotation":{"x":-0.10621148347854614,"y":0.8129088282585144,"z":-0.15676042437553407,"w":-0.550786554813385},"size":66.62633514404297,"orthographic":false}