{"cameraMode":{"drawMode":0,"name":"Shaded","section":"Shading Mode"},"sceneLighting":false,"audioPlay":false,"sceneViewState":{"showFog":true,"showMaterialUpdate":false,"showSkybox":false,"showFlares":true,"showImageEffects":true,"showParticleSystems":true},"in2DMode":false,"pivot":{"x":31.024330139160158,"y":-38.7939453125,"z":206.9564971923828},"rotation":{"x":0.3648870587348938,"y":0.309800386428833,"z":-0.12960971891880036,"w":0.8686938285827637},"size":103.87808227539063,"orthographic":false}