{"cameraMode":{"drawMode":0,"name":"Shaded","section":"Shading Mode"},"sceneLighting":false,"audioPlay":false,"sceneViewState":{"showFog":true,"showMaterialUpdate":false,"showSkybox":false,"showFlares":true,"showImageEffects":true,"showParticleSystems":true},"in2DMode":false,"pivot":{"x":-105.49269104003906,"y":-80.2745361328125,"z":51.4716796875},"rotation":{"x":-0.2557447850704193,"y":0.5039206147193909,"z":-0.15920013189315797,"w":-0.8095172047615051},"size":155.8964080810547,"orthographic":false}