{"cameraMode":{"drawMode":0,"name":"Shaded","section":"Shading Mode"},"sceneLighting":false,"audioPlay":false,"sceneViewState":{"showFog":true,"showMaterialUpdate":false,"showSkybox":false,"showFlares":true,"showImageEffects":true,"showParticleSystems":true},"in2DMode":false,"pivot":{"x":0.01911991834640503,"y":0.03867995738983154,"z":-0.06758812069892883},"rotation":{"x":0.261724054813385,"y":0.10514939576387406,"z":-0.028728092089295389,"w":0.9590370059013367},"size":3.0988705158233644,"orthographic":false}