{"cameraMode":{"drawMode":0,"name":"Shaded","section":"Shading Mode"},"sceneLighting":false,"audioPlay":false,"sceneViewState":{"showFog":true,"showMaterialUpdate":false,"showSkybox":false,"showFlares":true,"showImageEffects":true,"showParticleSystems":true},"in2DMode":false,"pivot":{"x":-2.730618953704834,"y":-6.577171325683594,"z":7.987451553344727},"rotation":{"x":0.36649438738822939,"y":-0.22120356559753419,"z":0.09017059206962586,"w":0.8992762565612793},"size":22.54168128967285,"orthographic":false}