{"cameraMode":{"drawMode":0,"name":"Shaded","section":"Shading Mode"},"sceneLighting":false,"audioPlay":false,"sceneViewState":{"showFog":true,"showMaterialUpdate":false,"showSkybox":false,"showFlares":true,"showImageEffects":true,"showParticleSystems":true},"in2DMode":false,"pivot":{"x":-0.3022718131542206,"y":0.07603029906749726,"z":1.7498574256896973},"rotation":{"x":0.06417180597782135,"y":-0.09356549382209778,"z":0.006050093565136194,"w":0.9935389161109924},"size":1.6896063089370728,"orthographic":false}