{"cameraMode":{"drawMode":0,"name":"Shaded","section":"Shading Mode"},"sceneLighting":false,"audioPlay":false,"sceneViewState":{"showFog":true,"showMaterialUpdate":false,"showSkybox":false,"showFlares":true,"showImageEffects":true,"showParticleSystems":true},"in2DMode":false,"pivot":{"x":-0.9467551112174988,"y":1.5488407611846924,"z":-0.17460651695728303},"rotation":{"x":0.22930756211280824,"y":0.5897139310836792,"z":-0.17951656877994538,"w":0.7532860636711121},"size":10.54932689666748,"orthographic":false}