{"cameraMode":{"drawMode":0,"name":"Shaded","section":"Shading Mode"},"sceneLighting":false,"audioPlay":false,"sceneViewState":{"showFog":true,"showMaterialUpdate":false,"showSkybox":false,"showFlares":true,"showImageEffects":true,"showParticleSystems":true},"in2DMode":false,"pivot":{"x":2.4433345794677736,"y":0.1836223602294922,"z":-19.16265869140625},"rotation":{"x":0.2864363193511963,"y":-0.5598099231719971,"z":0.21455757319927216,"w":0.7473512291908264},"size":18.563220977783204,"orthographic":false}